,Program,AvgSquatGain,AvgBenchGain,AvgDeadliftGain
0,5/3/1,173.76470588235293,122.82352941176471,208.52941176470588
1,Smolov,169.2941176470588,127.47058823529412,218.64705882352942
2,Starting Strength,184.05882352941177,117.23529411764706,225.41176470588235
